{
  "view_account": "View Account",
  "settings": "Settings",
  "dark_mode": "Dark mode",
  "break_reminders": "Break Reminders",
  "break_every": "Break every:",
  "30_mins": "30 mins",
  "45_mins": "45 mins",
  "1_hour": "1 hour",
  "custom": "Custom",
  "hours": "hours",
  "minutes": "minutes",
  "active_schedule": "Active Schedule",
  "run": "Run breathing.ai from",
  "to": "to",
  "contact_us": "Contact Us",
  "faq": "FAQ",
  "terms_condition": "Terms & Conditions",
  "privacy_policy": "Privacy Policy",
  "share": "Share",
  "logout": "Log out",
  "account_settings": "Account Settings",
  "account": "Account",
  "name": "Name",
  "email": "Email",
  "password": "Password",
  "change_password": "Change Password"
}
