{
  "screen_tint_colors": "Screen Tint Colors",
  "why_tint_my_screen": "Why Tint My Screen?",
  "description": "Color has the power to affect your everyday mood and behavior. Tint your screen and adjust the opacity to your liking in order to reduce eye strain, decrease stress levels, and increase productivity. Learn more about color perception and color therapy ",
  "description_redirect": "here.",
  "color_selector": "Color Selector",
  "opacity": "Opacity",
  "edit_colors": "Edit colors",
  "save": "Save"
}
