{
    "forgot_title": "Forgot your password?",
    "sent_title": "Email Sent!",
    "request_message": "Don't worry! Enter the email associated with your account and we'll send you an email to reset it.",
    "email": "Email",
    "send": "Send",
    "new_message": "New to breathing.ai?",
    "sign_up":"Sign Up",
    "sent_message": "An email to reset your password was sent to your inbox. Please enter the code and your new password.",
    "code": "Code",
    "new_password": "New Passowrd",
    "confirm_password": "Confirm Password",
    "login": "Login",
    "resend": "Resend Code",
    "password_match_error":"Please make sure your passwords are matching.",
    "password_length_error":"Please provide at least 8 characters.",
    "password_requirement_error":"Please check password requirements",
    "password_tip_message_line_1":"Please make sure that your",
    "password_tip_message_line_2":" password includes:",
    "password_tip_1":"8 to 25 characters",
    "password_tip_2":"lower case and uppercase letters",
    "password_tip_3":"one number",
    "password_tip_4":"one special character `#@$!%*?&`",
    "password_complete_error":"Please complete the form.",
    "valid_email_error": "Please add a valid email."
}