{
  "welcome_page_welcome_message": "Welcome to",
  "welcome_page_start_journey": "Start your journey",
  "next_button": "Next",
  "skip_button": "Skip",
  "page_one_title": "Take a breather",
  "page_one_description_line_1": "Enjoy what helps you relax. Our ",
  "page_one_description_line_2": "extensive libary offers you short ",
  "page_one_description_line_3": "breathing, meditation, or movement ",
  "page_one_description_line_4": "exercises.",
  "page_two_title": "Calming Colors",
  "page_two_description_line_1": "We adapt your personalized screen ",
  "page_two_description_line_2": "colors throughout your day. Less eye ",
  "page_two_description_line_3": "strain and stress, more productivity ",
  "page_two_description_line_4": "and rest.",
  "page_three_title": "Your calm, your way.",
  "page_three_description_line_1": "We can detect when you’re stressed, ",
  "page_three_description_line_2": "recommend breaks, and adjust your colors ",
  "page_three_description_line_3": "automatically. Or, manually choose your own ",
  "page_three_description_line_4": "colors and break schedule.",
  "page_four_title": "Sounds for every mood",
  "page_four_description_line_1": "From calming waters to zen ",
  "page_four_description_line_2": "soundscapes, choose your sounds to ",
  "page_four_description_line_3": "play in the background as you ",
  "page_four_description_line_4": "work or relax.",
  "page_five_title": "Personalized Analytics",
  "page_five_description_line_1": "View your break history, track your ",
  "page_five_description_line_2": "data, and keep up your streaks.",
  "page_six_title": "Discover More",
  "page_six_description_line_1": "Explore your dashboard - view your ",
  "page_six_description_line_2": "calibrated colors, personalize your ",
  "page_six_description_line_3": "account, and access over 30 breaks.",
  "post_onboarding_page_message_line_1": "Ready for a more ",
  "post_onboarding_page_message_line_2": "relaxing day?",
  "sign_up": "Sign up",
  "log_in": "Log In",
  "sign_up_message": "New to breathing.ai? ",
  "log_in_message": "Already using breathing.ai? "
}
