{
  "welcome_message": "Welcome to breathing.ai!",
  "sign_up_message": "Sign up to start building healthy habits into your daily workflow.",
  "email": "Email",
  "first_name": "First Name",
  "last_name": "Last name",
  "password": "Password",
  "confirm_password": "Confirm Password",
  "sign_up": "Sign Up",
  "forgot_password": "Forgot Password?",
  "already_have_account": "Already have an account?",
  "log_in": "Log In",
  "email_error": "Please add a valid email.",
  "first_name_error": "",
  "last_name_error": "",
  "password_length_error": "Please provide at least 8 characters.",
  "password_requirements_error": "Please check password requirements.",
  "password_confirm_error": "Please make sure your passwords are matching.",
  "sign_up_error_message": "Please provide email, name and password."
}
