{
  "sounds": "Sounds",
  "choose_your_sounds": "Choose your background sounds",
  "zen_flow": "Zen Flow",
  "relax_in_nature": "Relax in Nature",
  "relax": "Relax",
  "calming_water": "Calming Water",
  "calming": "Calming",
  "zen_description_line_1": "Curated sounds to help you ",
  "zen_description_line_2": "center and increase your focus.",
  "relax_in_nature_description_line_1": "Unwind to whale songs, ",
  "relax_in_nature_description_line_2": "chirping birds & forest sounds.",
  "calming_water_description_line_1": "Relax to ocean waves, flowing",
  "calming_water_description_line_2": " streams, and drizzling rain."
}
