{
  "success": "Success!",
  "first_hardest": "The first step is always the hardest",
  "second_sentense": "We're on a mission to help melt away stress, increase focus, boost productivity, and enhance wellness.",
  "get_started": "Get started",
  "smart_break": "Smart Breaks",
  "calming_colors": "Calming Colors",
  "focus_sounds": "Focus Sounds",
  "incorporate_break_sentense": "Incorporate break reminders to get you moving, meditating, or simply breathing.",
  "discover_your_sentense": "Discover your custom colors to soothe your stress and personalize your screen.",
  "keep_yourself_sentense": "Keep yourself grounded and on task with the help of grounding sounds throughout your day.",
  "sign_up": "Sign Up",
  "your_data_is_safe": "Your Data is Safe",
  "privacy_policy": "Privacy Policy",
  "welcome_breathing_ai": "Welcome to breathing.ai!",
  "signup_to_start": "Sign up to start building healthy habits into your daily workflow.",
  "email": "Email",
  "first_name": "First Name",
  "last_name": "Last Name",
  "password": "Password",
  "confirm_password": "Confirm Password",
  "continue": "Continue",
  "already_have_an_account": "Already have an account?",
  "login": "Log In",
  "congratulations": "Congratulations!",
  "you_are_ready_for_a_more": "You are ready for a more soothing screen experience.",
  "finish": "Finish"
}