{
  "view_account": "Visualiza tu cuenta",
  "break_reminders": "Recordatorios de descanso",
  "break_every": "Descanso cada:",
  "30_mins": "30 min",
  "45_mins": "45 min",
  "1_hour": "1 hora",
  "custom": "A medida",
  "hours": "horas",
  "minutes": "minutos",
  "active_schedule": "Programa activo",
  "run": "Ejecutar breathing.ai desde",
  "to": "hasta",
  "account_settings": "Cuenta Ajustes",
  "account": "Cuenta",
  "name": "Nombre",
  "email": "Correo electrónico",
  "password": "Contraseña",
  "change_password": "Cambiar la contraseña"
}
