{
  "breaks": "Pausas",
  "how_to_use_breaks": "Cómo utilizar las pausas",
  "description": "Respira y disfruta de la combinación del movimiento, meditación y respiración de los videos a medida de tus necesidades. Durante tu descanso, puedes seleccionar nuestra recomendación de video o puedes buscar entre todos los videos disponibles en la biblioteca de descanso.",
  "suggested": "Sugerencia",
  "recent": "Reciente",
  "explore": "Explora más descansos",
  "no_breaks_taken_message": "Aún No has tomado ningún descanso..."
}
