{
  "screen_tint_colors": "Colores de la pantalla",
  "how_colors_work": "Cómo funciona el color",
  "description": "El color tiene el poder de afectar tu ánimo diario y comportamiento. Colorea tu pantalla y ajusta la opacidad a gusto para reducir la fatiga ocular, disminuir los niveles de estrés y aumentar la productividad. Obtenga más información sobre la percepción del color y la cromoterapia ",
  "description_redirect": "aquí.",
  "color_selector": "Sector de color",
  "opacity": "Opacidad",
  "edit_colors": "Editor de colores",
  "save": "Guardar"
}
