{
    "forgot_title": "¿Ha olvidado su contraseña?",
    "sent_title": "¡Correo electrónico enviado!",
    "request_message": "¡No te preocupes! Introduce el correo electrónico asociado a tu cuenta y te enviaremos un correo electrónico para restablecerlo.",
    "email": "Correo electrónico",
    "send": "Enviar",
    "new_message": "¿Nuevo en breathing.ai?",
    "sign_up":"Regístrate",
    "sent_message": "Se envió un correo electrónico para restablecer su contraseña a su bandeja de entrada. Por favor introduzca el código y su nueva contraseña.",
    "code": "Código",
    "new_password": "Nueva contraseña",
    "confirm_password": "Confirmar contraseña",
    "login": "Iniciar sesión",
    "resend": "Reenviar código",
    "password_match_error":"Por favor, asegúrese de que sus contraseñas coincidan.",
    "password_length_error":"Proporcione al menos 8 caracteres.",
    "password_requirement_error":"Por favor, compruebe los requisitos de contraseña.",
    "password_tip_message_line_1":"Asegúrese de que su",
    "password_tip_message_line_2":" contraseña incluya:",
    "password_tip_1":"8 a 25 caracteres",
    "password_tip_2":"letras minúsculas y mayúsculas",
    "password_tip_3":"Al menos un número",
    "password_tip_4":"al menos un carácter especial '#@$!%*?&'",
    "password_complete_error":"Por favor complete el siguiente formulario.",
    "valid_email_error": "Por favor agregar un correo electrónico."
}