{
  "welcome_page_welcome_message": "Bienvenido a",
  "welcome_page_start_journey": "Empieza tu viaje",
  "next_button": "Próximo",
  "skip_button": "Saltar",
  "page_one_title": "Toma un respiro",
  "page_one_description_line_1": "Disfruta lo que te ayuda a relajarte. ",
  "page_one_description_line_2": "Nuestra amplia biblioteca te ofrece breves ",
  "page_one_description_line_3": "meditaciones de respiración o ejercicios de ",
  "page_one_description_line_4": "movimiento.",
  "page_two_title": "Colores Calmantes",
  "page_two_description_line_1": "Adaptamos los colores de tu pantalla ",
  "page_two_description_line_2": "personalizada a lo largo del día. Menos  ",
  "page_two_description_line_3": "tensión ocular y estrés, más productividad y  ",
  "page_two_description_line_4": "descanso.",
  "page_three_title": "Tu calma, tu método.",
  "page_three_description_line_1": "Podemos detectar cuando estás estresado, ",
  "page_three_description_line_2": "recomendar descansos y ajustar tus colores ",
  "page_three_description_line_3": "automáticamente. O bien, elige manualmente tus ",
  "page_three_description_line_4": "propios colores y el horario de los descansos.",
  "page_four_title": "Sonidos para cada estado de ánimo",
  "page_four_description_line_1": "Desde aguas tranquilas hasta paisajes ",
  "page_four_description_line_2": "sonoros zen, elige tu sonido para que suene ",
  "page_four_description_line_3": "de fondo mientras trabajas o ",
  "page_four_description_line_4": "te relajas.",
  "page_five_title": "Datos analíticos personalizados",
  "page_five_description_line_1": "Mira tu historia de descanso, sigue tus datos, ",
  "page_five_description_line_2": "y mantén tus estadísticas.",
  "page_six_title": "Descubrir más",
  "page_six_description_line_1": "Navega por tu cuadro de mandos: visualiza ",
  "page_six_description_line_2": "tus colores calibrados, personaliza tu cuenta ",
  "page_six_description_line_3": "y accede a más de 30 descansos. ",
  "post_onboarding_page_message_line_1": "¿Estás listo para un día ",
  "post_onboarding_page_message_line_2": "más relajante?",
  "sign_up": "Inscribite",
  "log_in": "Iniciar sesión",
  "sign_up_message": "Nuevo a breathing.ai? ",
  "log_in_message": "¿Ya utilizas breathing.ai? "
}
