{
  "sounds": "Sonidos",
  "choose_your_sounds": "Elige tus sonidos",
  "zen_flow": "Flujo Zen",
  "relax_in_nature": "Relajación en naturaleza",
  "relax": "Relajación",
  "calming_water": "Agua calmante",
  "calming": "Calmante",
  "zen_description_line_1": "Sonidos que te centran y  ",
  "zen_description_line_2": "aumentan tu concentración.",
  "relax_in_nature_description_line_1": "Relájate con cantos de ballenas, ",
  "relax_in_nature_description_line_2": " pájaros y del bosque.",
  "calming_water_description_line_1": "Relaja con océano, corriente que ",
  "calming_water_description_line_2": "fluyen y llovizna de lluvia."
}
