{
  "success": "Success!",
  "first_hardest": "The first step is always the hardest",
  "second_sentense": "We're on a mission to help melt away stress, increase focus, boost productivity, and enhance wellness.",
  "get_started": "Get started",
  "smart_break": "Smart Breaks",
  "calming_colors": "Calming Colors",
  "focus_sounds": "Focus Sounds",
  "incorporate_break_sentense": "Incorporate break reminders to get you moving, meditating, or simply breathing.",
  "discover_your_sentense": "Discover your custom colors to soothe your stress and personalize your screen.",
  "keep_yourself_sentense": "Keep yourself grounded and on task with the help of grounding sounds throughout your day."
}